<?xml version="1.0" encoding="UTF-8"?>
<Annotations version="1.0">
  <Source>MuseScore 2.06</Source>
  <Page>
    <Image>mtest2-1.png</Image>
    <Size w="1191" h="1683"/>
    </Page>
  <Spatium>10</Spatium>
  <Symbol interline="10" shape="accidentalSharp">
    <Bounds x="279" y="228" w="10" h="28"/>
  </Symbol>
  <Symbol interline="10" shape="accidentalFlat">
    <Bounds x="235" y="214" w="9" h="25"/>
  </Symbol>
  <Symbol interline="10" shape="accidentalNatural">
    <Bounds x="209" y="218" w="7" h="27"/>
  </Symbol>
  <Symbol interline="10" shape="stem">
    <Bounds x="975" y="242" w="1" h="57"/>
  </Symbol>
  <Symbol interline="10" shape="stem">
    <Bounds x="912" y="242" w="1" h="32"/>
  </Symbol>
  <Symbol interline="10" shape="stem">
    <Bounds x="837" y="242" w="1" h="32"/>
  </Symbol>
  <Symbol interline="10" shape="stem">
    <Bounds x="806" y="247" w="1" h="31"/>
  </Symbol>
  <Symbol interline="10" shape="stem">
    <Bounds x="788" y="219" w="1" h="32"/>
  </Symbol>
  <Symbol interline="10" shape="stem">
    <Bounds x="595" y="214" w="1" h="42"/>
  </Symbol>
  <Symbol interline="10" shape="stem">
    <Bounds x="512" y="216" w="1" h="35"/>
  </Symbol>
  <Symbol interline="10" shape="stem">
    <Bounds x="410" y="222" w="1" h="34"/>
  </Symbol>
  <Symbol interline="10" shape="stem">
    <Bounds x="360" y="222" w="1" h="34"/>
  </Symbol>
  <Symbol interline="10" shape="stem">
    <Bounds x="291" y="242" w="1" h="32"/>
  </Symbol>
  <Symbol interline="10" shape="stem">
    <Bounds x="247" y="232" w="1" h="35"/>
  </Symbol>
  <Symbol interline="10" shape="stem">
    <Bounds x="217" y="232" w="1" h="35"/>
  </Symbol>
  <Symbol interline="10" shape="stem">
    <Bounds x="164" y="242" w="1" h="32"/>
  </Symbol>
  <Symbol interline="10" shape="noteheadBlack">
    <Bounds x="975" y="236" w="13" h="11"/>
  </Symbol>
  <Symbol interline="10" shape="noteheadBlack">
    <Bounds x="912" y="236" w="13" h="11"/>
  </Symbol>
  <Symbol interline="10" shape="noteheadBlack">
    <Bounds x="837" y="236" w="13" h="11"/>
  </Symbol>
  <Symbol interline="10" shape="noteheadBlack">
    <Bounds x="806" y="241" w="13" h="11"/>
  </Symbol>
  <Symbol interline="10" shape="noteheadBlack">
    <Bounds x="776" y="246" w="13" h="11"/>
  </Symbol>
  <Symbol interline="10" shape="noteheadBlack">
    <Bounds x="583" y="251" w="13" h="11"/>
  </Symbol>
  <Symbol interline="10" shape="noteheadBlack">
    <Bounds x="500" y="246" w="13" h="11"/>
  </Symbol>
  <Symbol interline="10" shape="noteheadHalf">
    <Bounds x="398" y="251" w="14" h="12"/>
  </Symbol>
  <Symbol interline="10" shape="noteheadBlack">
    <Bounds x="348" y="251" w="13" h="11"/>
  </Symbol>
  <Symbol interline="10" shape="noteheadBlack">
    <Bounds x="291" y="236" w="13" h="11"/>
  </Symbol>
  <Symbol interline="10" shape="noteheadBlack">
    <Bounds x="247" y="226" w="13" h="11"/>
  </Symbol>
  <Symbol interline="10" shape="noteheadBlack">
    <Bounds x="217" y="226" w="13" h="11"/>
  </Symbol>
  <Symbol interline="10" shape="noteheadBlack">
    <Bounds x="164" y="236" w="13" h="11"/>
  </Symbol>
  <Symbol interline="10" shape="fClef">
    <Bounds x="63" y="606" w="28" h="36"/>
  </Symbol>
  <Symbol interline="10" shape="fClef">
    <Bounds x="63" y="416" w="28" h="36"/>
  </Symbol>
  <Symbol interline="10" shape="fClefChange">
    <Bounds x="705" y="228" w="22" h="29"/>
  </Symbol>
  <Symbol interline="10" shape="gClef">
    <Bounds x="63" y="213" w="27" h="70"/>
  </Symbol>
<!--  <Symbol interline="10" shape="KeyFlat4">
    <Bounds x="95" y="604" w="39" h="45"/>
  </Symbol>-->
  <Symbol interline="10" shape="keyFlat">
    <Bounds x="95" y="618" w="9" h="26"/>
  </Symbol>
  <Symbol interline="10" shape="keyFlat">
    <Bounds x="105" y="603" w="9" h="26"/>
  </Symbol>
  <Symbol interline="10" shape="keyFlat">
    <Bounds x="115" y="623" w="9" h="26"/>
  </Symbol>
  <Symbol interline="10" shape="keyFlat">
    <Bounds x="125" y="608" w="9" h="26"/>
  </Symbol>
  
<!--  <Symbol interline="10" shape="KeyFlat4">
    <Bounds x="284" y="414" w="39" h="45"/>
  </Symbol>-->
  <Symbol interline="10" shape="keyFlat">
    <Bounds x="284" y="429" w="9" h="26"/>
  </Symbol>
  <Symbol interline="10" shape="keyFlat">
    <Bounds x="294" y="414" w="9" h="26"/>
  </Symbol>
  <Symbol interline="10" shape="keyFlat">
    <Bounds x="304" y="434" w="9" h="26"/>
  </Symbol>
  <Symbol interline="10" shape="keyFlat">
    <Bounds x="314" y="418" w="9" h="26"/>
  </Symbol>
  
<!--  <Symbol interline="10" shape="KeySharp2">
    <Bounds x="95" y="413" w="20" h="43"/>
  </Symbol>-->
  <Symbol interline="10" shape="keySharp">
    <Bounds x="95" y="413" w="10" h="28"/>
  </Symbol>
  <Symbol interline="10" shape="keySharp">
    <Bounds x="105" y="427" w="10" h="28"/>
  </Symbol>
  
<!--  <Symbol interline="10" shape="KeySharp2">
    <Bounds x="738" y="223" w="20" h="43"/>
  </Symbol>-->
  <Symbol interline="10" shape="keySharp">
    <Bounds x="738" y="222" w="10" h="28"/>
  </Symbol>
  <Symbol interline="10" shape="keySharp">
    <Bounds x="747" y="238" w="10" h="28"/>
  </Symbol>
  
<!--  <Symbol interline="10" shape="KeyFlat3">
    <Bounds x="95" y="214" w="29" h="45"/>
  </Symbol>-->
    <Symbol interline="10" shape="keyFlat">
    <Bounds x="95" y="228" w="9" h="25"/>
  </Symbol>
  <Symbol interline="10" shape="keyFlat">
    <Bounds x="105" y="213" w="9" h="25"/>
  </Symbol>
  <Symbol interline="10" shape="keyFlat">
    <Bounds x="115" y="234" w="9" h="25"/>
  </Symbol>
  
<Symbol interline="10" shape="timeSigCutCommon">
    <Bounds x="510" y="422" w="17" h="29"/>
  </Symbol>
  <Symbol interline="10" shape="timeSigCommon">
    <Bounds x="380" y="427" w="17" h="20"/>
  </Symbol>
  <Symbol interline="10" shape="timeSig4over4">
    <Bounds x="129" y="227" w="17" h="40"/>
  </Symbol>
  <Symbol interline="10" shape="restWhole">
    <Bounds x="1069" y="616" w="11" h="6"/>
  </Symbol>
  <Symbol interline="10" shape="restWhole">
    <Bounds x="970" y="616" w="11" h="6"/>
  </Symbol>
  <Symbol interline="10" shape="restWhole">
    <Bounds x="870" y="616" w="11" h="6"/>
  </Symbol>
  <Symbol interline="10" shape="restWhole">
    <Bounds x="771" y="616" w="11" h="6"/>
  </Symbol>
  <Symbol interline="10" shape="restWhole">
    <Bounds x="672" y="616" w="11" h="6"/>
  </Symbol>
  <Symbol interline="10" shape="restWhole">
    <Bounds x="572" y="616" w="11" h="6"/>
  </Symbol>
  <Symbol interline="10" shape="restWhole">
    <Bounds x="473" y="616" w="11" h="6"/>
  </Symbol>
  <Symbol interline="10" shape="restWhole">
    <Bounds x="373" y="616" w="11" h="6"/>
  </Symbol>
  <Symbol interline="10" shape="restWhole">
    <Bounds x="274" y="616" w="11" h="6"/>
  </Symbol>
  <Symbol interline="10" shape="restWhole">
    <Bounds x="176" y="616" w="11" h="6"/>
  </Symbol>
  <Symbol interline="10" shape="restWhole">
    <Bounds x="1100" y="426" w="11" h="6"/>
  </Symbol>
  <Symbol interline="10" shape="restWhole">
    <Bounds x="1045" y="426" w="11" h="6"/>
  </Symbol>
  <Symbol interline="10" shape="restWhole">
    <Bounds x="989" y="426" w="11" h="6"/>
  </Symbol>
  <Symbol interline="10" shape="restWhole">
    <Bounds x="934" y="426" w="11" h="6"/>
  </Symbol>
  <Symbol interline="10" shape="restWhole">
    <Bounds x="878" y="426" w="11" h="6"/>
  </Symbol>
  <Symbol interline="10" shape="restWhole">
    <Bounds x="823" y="426" w="11" h="6"/>
  </Symbol>
  <Symbol interline="10" shape="restWhole">
    <Bounds x="767" y="426" w="11" h="6"/>
  </Symbol>
  <Symbol interline="10" shape="restWhole">
    <Bounds x="712" y="426" w="11" h="6"/>
  </Symbol>
  <Symbol interline="10" shape="restWhole">
    <Bounds x="656" y="426" w="11" h="6"/>
  </Symbol>
  <Symbol interline="10" shape="restWhole">
    <Bounds x="601" y="426" w="11" h="6"/>
  </Symbol>
  <Symbol interline="10" shape="restWhole">
    <Bounds x="547" y="426" w="11" h="6"/>
  </Symbol>
  <Symbol interline="10" shape="restWhole">
    <Bounds x="471" y="426" w="11" h="6"/>
  </Symbol>
  <Symbol interline="10" shape="restWhole">
    <Bounds x="417" y="426" w="11" h="6"/>
  </Symbol>
  <Symbol interline="10" shape="restWhole">
    <Bounds x="343" y="426" w="11" h="6"/>
  </Symbol>
  <Symbol interline="10" shape="restWhole">
    <Bounds x="245" y="426" w="11" h="6"/>
  </Symbol>
  <Symbol interline="10" shape="restWhole">
    <Bounds x="189" y="426" w="11" h="6"/>
  </Symbol>
  <Symbol interline="10" shape="restWhole">
    <Bounds x="135" y="426" w="11" h="6"/>
  </Symbol>
  <Symbol interline="10" shape="restQuarter">
    <Bounds x="1100" y="232" w="11" h="30"/>
  </Symbol>
  <Symbol interline="10" shape="rest8th">
    <Bounds x="1072" y="240" w="10" h="17"/>
  </Symbol>
  <Symbol interline="10" shape="rest16th">
    <Bounds x="1050" y="239" w="13" h="27"/>
  </Symbol>
  <Symbol interline="10" shape="rest32nd">
    <Bounds x="1032" y="230" w="15" h="37"/>
  </Symbol>
  <Symbol interline="10" shape="rest64th">
    <Bounds x="1012" y="230" w="17" h="47"/>
  </Symbol>
  <Symbol interline="10" shape="rest128th">
    <Bounds x="991" y="219" w="19" h="58"/>
  </Symbol>
  <Symbol interline="10" shape="rest8th">
    <Bounds x="947" y="240" w="10" h="17"/>
  </Symbol>
  <Symbol interline="10" shape="restQuarter">
    <Bounds x="868" y="232" w="11" h="30"/>
  </Symbol>
  <Symbol interline="10" shape="restHalf">
    <Bounds x="682" y="241" w="11" h="6"/>
  </Symbol>
  <Symbol interline="10" shape="rest8th">
    <Bounds x="650" y="240" w="10" h="17"/>
  </Symbol>
  <Symbol interline="10" shape="rest16th">
    <Bounds x="626" y="239" w="13" h="27"/>
  </Symbol>
  <Symbol interline="10" shape="rest32nd">
    <Bounds x="609" y="230" w="15" h="37"/>
  </Symbol>
  <Symbol interline="10" shape="rest8th">
    <Bounds x="551" y="240" w="10" h="17"/>
  </Symbol>
  <Symbol interline="10" shape="rest16th">
    <Bounds x="527" y="239" w="13" h="27"/>
  </Symbol>
  <Symbol interline="10" shape="restQuarter">
    <Bounds x="449" y="232" w="11" h="30"/>
  </Symbol>
  <Symbol interline="10" shape="rest8th">
    <Bounds x="375" y="240" w="10" h="17"/>
  </Symbol>
  <Symbol interline="10" shape="articTenutoBelow">
    <Bounds x="398" y="271" w="14" h="2"/>
  </Symbol>
  <Symbol interline="10" shape="articStaccatissimoAbove">
    <Bounds x="295" y="215" w="4" h="12"/>
  </Symbol>
  <Symbol interline="10" shape="articStaccatoAbove">
    <Bounds x="253" y="220" w="3" h="3"/>
  </Symbol>
  <Symbol interline="10" shape="flag128thDown">
    <Bounds x="975" y="244" w="11" h="56"/>
  </Symbol>
  <Symbol interline="10" shape="flag32ndUp">
    <Bounds x="595" y="214" w="10" h="38"/>
  </Symbol>
  <Symbol interline="10" shape="flag16thUp">
    <Bounds x="512" y="217" w="11" h="33"/>
  </Symbol>
  <Symbol interline="10" shape="flag8thUp">
    <Bounds x="360" y="223" w="11" h="33"/>
  </Symbol>
  <Symbol interline="10" shape="flag8thDown">
    <Bounds x="217" y="234" w="12" h="33"/>
  </Symbol>
  <Symbol interline="10" shape="codaSquare">
    <Bounds x="363" y="369" w="25" h="34"/>
  </Symbol>
  <Symbol interline="10" shape="coda">
    <Bounds x="265" y="367" w="27" h="36"/>
  </Symbol>
  <Symbol interline="10" shape="segno">
    <Bounds x="215" y="373" w="16" h="24"/>
  </Symbol>
<!--  <Symbol interline="10" shape="HairpinSegment">
    <Bounds x="163" y="295" w="163" h="14"/>
  </Symbol>-->
  <Symbol interline="10" shape="augmentationDot">
    <Bounds x="929" y="240" w="4" h="4"/>
  </Symbol>
  <Symbol interline="10" shape="augmentationDot">
    <Bounds x="180" y="240" w="4" h="4"/>
  </Symbol>
  </Annotations>
